{"cameraMode":{"drawMode":0,"name":"Shaded","section":"Shading Mode"},"sceneLighting":true,"audioPlay":false,"sceneViewState":{"showFog":true,"showMaterialUpdate":false,"showSkybox":true,"showFlares":true,"showImageEffects":true,"showParticleSystems":true},"in2DMode":false,"pivot":{"x":0.038369178771972659,"y":0.6284534931182861,"z":-0.4323158264160156},"rotation":{"x":-0.07102825492620468,"y":0.9129254817962647,"z":-0.18060532212257386,"w":-0.35903453826904299},"size":10.0,"orthographic":false}